"테이블 정의서","주제영역명","작성일","작성자","테이블 ID","테이블명","테이블설명","No","컬럼ID","컬럼명","타입","길이","Null","KEY","DEFAULT","비고","업뮤규칙"
"E-Learning","E-Learning","2025년 7월 26일 토요일","김세형","SETTLEMENT_REQUEST","정산 요청","정산 요청 정보","1","REQUEST_SEQ","요청 SEQ","NUMBER","30,0","N","PK","","",""
"E-Learning","E-Learning","2025년 7월 26일 토요일","김세형","SETTLEMENT_REQUEST","정산 요청","정산 요청 정보","2","USER_SEQ","사용자 SEQ","NUMBER","30,0","N","FK","","",""
"E-Learning","E-Learning","2025년 7월 26일 토요일","김세형","SETTLEMENT_REQUEST","정산 요청","정산 요청 정보","3","WALLET_SEQ","지갑 SEQ","NUMBER","20,0","N","FK","","",""
"E-Learning","E-Learning","2025년 7월 26일 토요일","김세형","SETTLEMENT_REQUEST","정산 요청","정산 요청 정보","4","TOTAL_MILE","총 마일리지","NUMBER","","N","","","",""
"E-Learning","E-Learning","2025년 7월 26일 토요일","김세형","SETTLEMENT_REQUEST","정산 요청","정산 요청 정보","5","STATUS","상태","VARCHAR2","20","Y","","'PENDING'","",""
"E-Learning","E-Learning","2025년 7월 26일 토요일","김세형","SETTLEMENT_REQUEST","정산 요청","정산 요청 정보","6","REQUESTED_AT","요청일","DATE","","Y","","SYSDATE","",""
"E-Learning","E-Learning","2025년 7월 26일 토요일","김세형","SETTLEMENT_REQUEST","정산 요청","정산 요청 정보","7","PROCESSED_AT","처리일","DATE","","Y","","","",""
"E-Learning","E-Learning","2025년 7월 26일 토요일","김세형","SETTLEMENT_REQUEST","정산 요청","정산 요청 정보","8","COMPANY_FEE","회사 수수료","NUMBER","","Y","","0","",""
"E-Learning","E-Learning","2025년 7월 26일 토요일","김세형","SETTLEMENT_REQUEST","정산 요청","정산 요청 정보","9","PAID_AMOUNT","지급액","NUMBER","","Y","","0","",""
"E-Learning","E-Learning","2025년 7월 26일 토요일","김세형","SETTLEMENT_REQUEST","정산 요청","정산 요청 정보","10","REJECT_REASON","거절 사유","VARCHAR2","300","Y","","","",""
"E-Learning","E-Learning","2025년 7월 26일 토요일","김세형","AD_BANNER","광고 배너","광고 배너 정보","1","BANNER_ID","배너 ID","NUMBER","","N","PK","","",""
"E-Learning","E-Learning","2025년 7월 26일 토요일","김세형","AD_BANNER","광고 배너","광고 배너 정보","2","TITLE","제목","VARCHAR2","100","N","","","",""
"E-Learning","E-Learning","2025년 7월 26일 토요일","김세형","AD_BANNER","광고 배너","광고 배너 정보","3","IMAGE_URL","이미지 URL","VARCHAR2","500","N","","","",""
"E-Learning","E-Learning","2025년 7월 26일 토요일","김세형","AD_BANNER","광고 배너","광고 배너 정보","4","LINK_URL","링크 URL","VARCHAR2","500","N","","","",""
"E-Learning","E-Learning","2025년 7월 26일 토요일","김세형","AD_BANNER","광고 배너","광고 배너 정보","5","CLICK_COUNT","클릭 수","NUMBER","","Y","","0","",""
"E-Learning","E-Learning","2025년 7월 26일 토요일","김세형","AD_BANNER","광고 배너","광고 배너 정보","6","CREATED_AT","생성일","TIMESTAMP","6","Y","","SYSTIMESTAMP","",""
"E-Learning","E-Learning","2025년 7월 26일 토요일","김세형","AD_BANNER","광고 배너","광고 배너 정보","7","UPDATED_AT","수정일","TIMESTAMP","6","Y","","SYSTIMESTAMP","",""
"E-Learning","E-Learning","2025년 7월 26일 토요일","김세형","DONATION_STAT","기부 통계","기부 통계 정보","1","USER_ID","사용자 ID","VARCHAR2","50","N","","","",""
"E-Learning","E-Learning","2025년 7월 26일 토요일","김세형","DONATION_STAT","기부 통계","기부 통계 정보","2","PAY_STATUS","결제 상태","VARCHAR2","20","Y","","","",""
"E-Learning","E-Learning","2025년 7월 26일 토요일","김세형","DONATION_STAT","기부 통계","기부 통계 정보","3","REFUND_STATUS","환불 상태","VARCHAR2","20","Y","","","",""
"E-Learning","E-Learning","2025년 7월 26일 토요일","김세형","DONATION_STAT","기부 통계","기부 통계 정보","4","TOTAL_DONATION","총 기부액","NUMBER","","Y","","0","",""
"E-Learning","E-Learning","2025년 7월 26일 토요일","김세형","DONATION_STAT","기부 통계","기부 통계 정보","5","REFUNDED_AMOUNT","환불액","NUMBER","","Y","","0","",""
"E-Learning","E-Learning","2025년 7월 26일 토요일","김세형","DONATION_STAT","기부 통계","기부 통계 정보","6","BADGE_LEVEL","뱃지 레벨","VARCHAR2","20","Y","","","",""
"E-Learning","E-Learning","2025년 7월 26일 토요일","김세형","DONATION_STAT","기부 통계","기부 통계 정보","7","DONATION_SEQ","기부 SEQ","VARCHAR2","50","Y","","","",""
"E-Learning","E-Learning","2025년 7월 26일 토요일","김세형","DONATION_STAT","기부 통계","기부 통계 정보","8","COURSE_SEQ","강의 SEQ","VARCHAR2","50","Y","FK","","",""
"E-Learning","E-Learning","2025년 7월 26일 토요일","김세형","DONATION_STAT","기부 통계","기부 통계 정보","9","PAYMENT_SEQ","결제 SEQ","VARCHAR2","50","Y","","","",""
"E-Learning","E-Learning","2025년 7월 26일 토요일","김세형","DONATION_STAT","기부 통계","기부 통계 정보","10","WALLET_SEQ","지갑 SEQ","NUMBER","20,0","Y","","","",""
"E-Learning","E-Learning","2025년 7월 26일 토요일","김세형","REPORT","신고","신고 정보","1","REPORT_ID","신고 ID","NUMBER","","N","PK","","",""
"E-Learning","E-Learning","2025년 7월 26일 토요일","김세형","REPORT","신고","신고 정보","2","POST_ID2","게시물 ID","NUMBER","","Y","","","",""
"E-Learning","E-Learning","2025년 7월 26일 토요일","김세형","REPORT","신고","신고 정보","3","COURSE_ID","강의 ID","VARCHAR2","50","Y","FK","","",""
"E-Learning","E-Learning","2025년 7월 26일 토요일","김세형","REPORT","신고","신고 정보","4","REPORTER_ID","신고자 ID","NUMBER","","N","FK","","",""
"E-Learning","E-Learning","2025년 7월 26일 토요일","김세형","REPORT","신고","신고 정보","5","REASON_TEXT","사유","VARCHAR2","100","Y","","","",""
"E-Learning","E-Learning","2025년 7월 26일 토요일","김세형","REPORT","신고","신고 정보","6","REPORTED_AT","신고일","DATE","","Y","","SYSDATE","",""
"E-Learning","E-Learning","2025년 7월 26일 토요일","김세형","REPORT","신고","신고 정보","7","ACTION_STATUS","처리 상태","VARCHAR2","30","Y","","","",""
"E-Learning","E-Learning","2025년 7월 26일 토요일","김세형","REPORT","신고","신고 정보","8","ADMIN_NEW_STATUS","관리자 새 상태","VARCHAR2","30","Y","","","",""
"E-Learning","E-Learning","2025년 7월 26일 토요일","김세형","REPORT","신고","신고 정보","9","ADMIN_REASON","관리자 사유","VARCHAR2","100","Y","","","",""
"E-Learning","E-Learning","2025년 7월 26일 토요일","김세형","REPORT","신고","신고 정보","10","ADMIN_ACTED_AT","관리자 처리일","DATE","","Y","","","",""
"E-Learning","E-Learning","2025년 7월 26일 토요일","김세형","REPORT","신고","신고 정보","11","REPORTED_USER_ID","신고된 사용자 ID","NUMBER","","Y","FK","","",""
"E-Learning","E-Learning","2025년 7월 26일 토요일","김세형","REPORT_REASON_USER","사용자 신고 사유","사용자 신고 사유 정보","1","REPORT_ID","신고 ID","NUMBER","","N","FK","","",""
"E-Learning","E-Learning","2025년 7월 26일 토요일","김세형","REPORT_REASON_USER","사용자 신고 사유","사용자 신고 사유 정보","2","REASON_CHK","사유 확인","NUMBER","","Y","","","",""
"E-Learning","E-Learning","2025년 7월 26일 토요일","김세형","REPORT_REASON_ADMIN","관리자 신고 사유","관리자 신고 사유 정보","1","REPORT_ID","신고 ID","NUMBER","","N","FK","","",""
"E-Learning","E-Learning","2025년 7월 26일 토요일","김세형","REPORT_REASON_ADMIN","관리자 신고 사유","관리자 신고 사유 정보","2","REASON_CHK","사유 확인","NUMBER","","Y","","","",""
"E-Learning","E-Learning","2025년 7월 26일 토요일","김세형","ROLE_DICT","역할 사전","역할 사전 정보","1","ROLE_CODE","역할 코드","VARCHAR2","50","N","PK","","",""
"E-Learning","E-Learning","2025년 7월 26일 토요일","김세형","ROLE_DICT","역할 사전","역할 사전 정보","2","ROLE_NAME","역할 이름","VARCHAR2","100","Y","","","",""
"E-Learning","E-Learning","2025년 7월 26일 토요일","김세형","ROLE_DICT","역할 사전","역할 사전 정보","3","DESCRIPTION","설명","VARCHAR2","200","Y","","","",""
"E-Learning","E-Learning","2025년 7월 26일 토요일","김세형","ADMIN_SIGNUP_REQUEST","관리자 가입 요청","관리자 가입 요청 정보","1","REQUEST_ID","요청 ID","VARCHAR2","50","N","PK","","",""
"E-Learning","E-Learning","2025년 7월 26일 토요일","김세형","ADMIN_SIGNUP_REQUEST","관리자 가입 요청","관리자 가입 요청 정보","2","ADMIN_NAME","관리자 이름","VARCHAR2","100","Y","","","",""
"E-Learning","E-Learning","2025년 7월 26일 토요일","김세형","ADMIN_SIGNUP_REQUEST","관리자 가입 요청","관리자 가입 요청 정보","3","EMAIL","이메일","VARCHAR2","100","Y","","","",""
"E-Learning","E-Learning","2025년 7월 26일 토요일","김세형","ADMIN_SIGNUP_REQUEST","관리자 가입 요청","관리자 가입 요청 정보","4","PHONE","전화번호","VARCHAR2","30","Y","","","",""
"E-Learning","E-Learning","2025년 7월 26일 토요일","김세형","ADMIN_SIGNUP_REQUEST","관리자 가입 요청","관리자 가입 요청 정보","5","PASSWORD_HASH","비밀번호 해시","VARCHAR2","100","Y","","","",""
"E-Learning","E-Learning","2025년 7월 26일 토요일","김세형","ADMIN_SIGNUP_REQUEST","관리자 가입 요청","관리자 가입 요청 정보","6","DEPT","부서","VARCHAR2","100","Y","","","",""
"E-Learning","E-Learning","2025년 7월 26일 토요일","김세형","ADMIN_SIGNUP_REQUEST","관리자 가입 요청","관리자 가입 요청 정보","7","STATUS","상태","VARCHAR2","10","Y","","'PENDING'","",""
"E-Learning","E-Learning","2025년 7월 26일 토요일","김세형","ADMIN_SIGNUP_REQUEST","관리자 가입 요청","관리자 가입 요청 정보","8","REQUEST_DATE","요청일","TIMESTAMP","6","Y","","SYSTIMESTAMP","",""
"E-Learning","E-Learning","2025년 7월 26일 토요일","김세형","ADMIN_SIGNUP_REQUEST","관리자 가입 요청","관리자 가입 요청 정보","9","ADMIN_ID","관리자 ID","VARCHAR2","50","N","","","",""
"E-Learning","E-Learning","2025년 7월 26일 토요일","김세형","ADMIN_SIGNUP_REQUEST","관리자 가입 요청","관리자 가입 요청 정보","10","INLINE","인라인","VARCHAR2","30","Y","","","",""
"E-Learning","E-Learning","2025년 7월 26일 토요일","김세형","ADMIN_SIGNUP_REQUEST","관리자 가입 요청","관리자 가입 요청 정보","11","REJECT_REASON","거절 사유","VARCHAR2","500","Y","","","",""
"E-Learning","E-Learning","2025년 7월 26일 토요일","김세형","ADMIN_SIGNUP_ROLE","관리자 가입 역할","관리자 가입 역할 정보","1","REQUEST_ID","요청 ID","VARCHAR2","50","N","PK, FK","","",""
"E-Learning","E-Learning","2025년 7월 26일 토요일","김세형","ADMIN_SIGNUP_ROLE","관리자 가입 역할","관리자 가입 역할 정보","2","ROLE_CODE","역할 코드","VARCHAR2","50","N","PK, FK","","",""
"E-Learning","E-Learning","2025년 7월 26일 토요일","김세형","EMAIL_VERIFICATION_ADMIN","관리자 이메일 인증","관리자 이메일 인증 정보","1","VERIFICATION_SEQ","인증 SEQ","VARCHAR2","50","N","PK","","",""
"E-Learning","E-Learning","2025년 7월 26일 토요일","김세형","EMAIL_VERIFICATION_ADMIN","관리자 이메일 인증","관리자 이메일 인증 정보","2","ADMIN_ID","관리자 ID","VARCHAR2","50","Y","","","",""
"E-Learning","E-Learning","2025년 7월 26일 토요일","김세형","EMAIL_VERIFICATION_ADMIN","관리자 이메일 인증","관리자 이메일 인증 정보","3","EMAIL","이메일","VARCHAR2","100","Y","","","",""
"E-Learning","E-Learning","2025년 7월 26일 토요일","김세형","EMAIL_VERIFICATION_ADMIN","관리자 이메일 인증","관리자 이메일 인증 정보","4","CODE","코드","VARCHAR2","10","Y","","","",""
"E-Learning","E-Learning","2025년 7월 26일 토요일","김세형","EMAIL_VERIFICATION_ADMIN","관리자 이메일 인증","관리자 이메일 인증 정보","5","STATUS","상태","VARCHAR2","10","Y","","","",""
"E-Learning","E-Learning","2025년 7월 26일 토요일","김세형","EMAIL_VERIFICATION_ADMIN","관리자 이메일 인증","관리자 이메일 인증 정보","6","CREATED_AT","생성일","TIMESTAMP","6","Y","","SYSTIMESTAMP","",""
"E-Learning","E-Learning","2025년 7월 26일 토요일","김세형","EMAIL_VERIFICATION_ADMIN","관리자 이메일 인증","관리자 이메일 인증 정보","7","EXPIRES_AT","만료일","TIMESTAMP","6","Y","","","",""
"E-Learning","E-Learning","2025년 7월 26일 토요일","김세형","PASSWORD_HISTORY_ADMIN","관리자 비밀번호 이력","관리자 비밀번호 이력 정보","1","HISTORY_SEQ","이력 SEQ","VARCHAR2","50","N","PK","","",""
"E-Learning","E-Learning","2025년 7월 26일 토요일","김세형","PASSWORD_HISTORY_ADMIN","관리자 비밀번호 이력","관리자 비밀번호 이력 정보","2","ADMIN_ID","관리자 ID","VARCHAR2","50","N","","","",""
"E-Learning","E-Learning","2025년 7월 26일 토요일","김세형","PASSWORD_HISTORY_ADMIN","관리자 비밀번호 이력","관리자 비밀번호 이력 정보","3","PASSWORD_HASH","비밀번호 해시","VARCHAR2","255","N","","","",""
"E-Learning","E-Learning","2025년 7월 26일 토요일","김세형","PASSWORD_HISTORY_ADMIN","관리자 비밀번호 이력","관리자 비밀번호 이력 정보","4","CHANGED_AT","변경일","TIMESTAMP","6","Y","","SYSTIMESTAMP","",""
"E-Learning","E-Learning","2025년 7월 26일 토요일","김세형","ADMIN_2FA","관리자 2단계 인증","관리자 2단계 인증 정보","1","TWOFA_SEQ","2단계 인증 SEQ","VARCHAR2","50","N","PK","","",""
"E-Learning","E-Learning","2025년 7월 26일 토요일","김세형","ADMIN_2FA","관리자 2단계 인증","관리자 2단계 인증 정보","2","ADMIN_ID","관리자 ID","VARCHAR2","50","N","","","",""
"E-Learning","E-Learning","2025년 7월 26일 토요일","김세형","ADMIN_2FA","관리자 2단계 인증","관리자 2단계 인증 정보","3","CODE","코드","VARCHAR2","10","Y","","","",""
"E-Learning","E-Learning","2025년 7월 26일 토요일","김세형","ADMIN_2FA","관리자 2단계 인증","관리자 2단계 인증 정보","4","STATUS","상태","VARCHAR2","10","Y","","","",""
"E-Learning","E-Learning","2025년 7월 26일 토요일","김세형","ADMIN_2FA","관리자 2단계 인증","관리자 2단계 인증 정보","5","SENT_AT","전송일","TIMESTAMP","6","Y","","SYSTIMESTAMP","",""
"E-Learning","E-Learning","2025년 7월 26일 토요일","김세형","ADMIN_2FA","관리자 2단계 인증","관리자 2단계 인증 정보","6","VERIFIED_AT","인증일","TIMESTAMP","6","Y","","","",""
"E-Learning","E-Learning","2025년 7월 26일 토요일","김세형","ADMIN_2FA","관리자 2단계 인증","관리자 2단계 인증 정보","7","EXPIRES_AT","만료일","TIMESTAMP","6","Y","","","",""
"E-Learning","E-Learning","2025년 7월 26일 토요일","김세형","CHANNEL_KEYS","채널 키","채널 키 정보","1","CHANNEL_KEY_ID","채널 키 ID","NUMBER","20,0","N","PK","","",""
"E-Learning","E-Learning","2025년 7월 26일 토요일","김세형","CHANNEL_KEYS","채널 키","채널 키 정보","2","PG_PROVIDER","PG 제공자","VARCHAR2","50","N","","","",""
"E-Learning","E-Learning","2025년 7월 26일 토요일","김세형","CHANNEL_KEYS","채널 키","채널 키 정보","3","ENVIRONMENT","환경","VARCHAR2","20","N","","","",""
"E-Learning","E-Learning","2025년 7월 26일 토요일","김세형","CHANNEL_KEYS","채널 키","채널 키 정보","4","CHANNEL_KEY","채널 키","VARCHAR2","100","N","","","",""
"E-Learning","E-Learning","2025년 7월 26일 토요일","김세형","CHANNEL_KEYS","채널 키","채널 키 정보","5","MERCHANT_CODE","가맹점 코드","VARCHAR2","50","N","","","",""
"E-Learning","E-Learning","2025년 7월 26일 토요일","김세형","CHANNEL_KEYS","채널 키","채널 키 정보","6","CREATED_AT","생성일","TIMESTAMP","6","Y","","SYSTIMESTAMP","",""
"E-Learning","E-Learning","2025년 7월 26일 토요일","김세형","CHANNEL_KEYS","채널 키","채널 키 정보","7","UPDATED_AT","수정일","TIMESTAMP","6","Y","","SYSTIMESTAMP","",""
"E-Learning","E-Learning","2025년 7월 26일 토요일","김세형","CLOUD_WALLET","클라우드 지갑","클라우드 지갑 정보","1","WALLET_SEQ","지갑 SEQ","NUMBER","20,0","N","PK","","",""
"E-Learning","E-Learning","2025년 7월 26일 토요일","김세형","CLOUD_WALLET","클라우드 지갑","클라우드 지갑 정보","2","USER_SEQ","사용자 SEQ","VARCHAR2","50","N","","","",""
"E-Learning","E-Learning","2025년 7월 26일 토요일","김세형","CLOUD_WALLET","클라우드 지갑","클라우드 지갑 정보","3","TOTAL_MILES","총 마일리지","NUMBER","20,0","Y","","0","",""
"E-Learning","E-Learning","2025년 7월 26일 토요일","김세형","CLOUD_WALLET","클라우드 지갑","클라우드 지갑 정보","4","DONATION_MILES","기부 마일리지","NUMBER","20,0","Y","","0","",""
"E-Learning","E-Learning","2025년 7월 26일 토요일","김세형","CLOUD_WALLET","클라우드 지갑","클라우드 지갑 정보","5","CREATED_AT","생성일","TIMESTAMP","6","Y","","SYSTIMESTAMP","",""
"E-Learning","E-Learning","2025년 7월 26일 토요일","김세형","CLOUD_WALLET","클라우드 지갑","클라우드 지갑 정보","6","UPDATED_AT","수정일","TIMESTAMP","6","Y","","SYSTIMESTAMP","",""
"E-Learning","E-Learning","2025년 7월 26일 토요일","김세형","PAYMENTS","결제","결제 정보","1","PAYMENT_SEQ","결제 SEQ","VARCHAR2","50","N","PK","","",""
"E-Learning","E-Learning","2025년 7월 26일 토요일","김세형","PAYMENTS","결제","결제 정보","2","IMP_UID","IMP UID","VARCHAR2","50","Y","","","",""
"E-Learning","E-Learning","2025년 7월 26일 토요일","김세형","PAYMENTS","결제","결제 정보","3","WALLET_SEQ","지갑 SEQ","NUMBER","20,0","N","FK","","",""
"E-Learning","E-Learning","2025년 7월 26일 토요일","김세형","PAYMENTS","결제","결제 정보","4","METHOD","결제 수단","VARCHAR2","20","Y","","","",""
"E-Learning","E-Learning","2025년 7월 26일 토요일","김세형","PAYMENTS","결제","결제 정보","5","PROVIDER","제공자","VARCHAR2","20","Y","","","",""
"E-Learning","E-Learning","2025년 7월 26일 토요일","김세형","PAYMENTS","결제","결제 정보","6","PAYMENT_AMOUNT","결제액","NUMBER","","Y","","","",""
"E-Learning","E-Learning","2025년 7월 26일 토요일","김세형","PAYMENTS","결제","결제 정보","7","PAYMENT_STATUS","결제 상태","VARCHAR2","20","Y","","'payment_success'","",""
"E-Learning","E-Learning","2025년 7월 26일 토요일","김세형","PAYMENTS","결제","결제 정보","8","CREATED_AT","생성일","TIMESTAMP","6","Y","","SYSTIMESTAMP","",""
"E-Learning","E-Learning","2025년 7월 26일 토요일","김세형","PAYMENTS","결제","결제 정보","9","CURRENCY","통화","VARCHAR2","10","Y","","","",""
"E-Learning","E-Learning","2025년 7월 26일 토요일","김세형","PAYMENTS","결제","결제 정보","10","CHANNEL","채널","VARCHAR2","20","Y","","","",""
"E-Learning","E-Learning","2025년 7월 26일 토요일","김세형","PAYMENTS","결제","결제 정보","11","NAME","이름","VARCHAR2","100","Y","","","",""
"E-Learning","E-Learning","2025년 7월 26일 토요일","김세형","PAYMENTS","결제","결제 정보","12","RECEIPT_URL","영수증 URL","VARCHAR2","255","Y","","","",""
"E-Learning","E-Learning","2025년 7월 26일 토요일","김세형","PAYMENTS","결제","결제 정보","13","FAIL_REASON","실패 사유","VARCHAR2","200","Y","","","",""
"E-Learning","E-Learning","2025년 7월 26일 토요일","김세형","PAYMENTS","결제","결제 정보","14","IP_ADDRESS","IP 주소","VARCHAR2","50","Y","","","",""
"E-Learning","E-Learning","2025년 7월 26일 토요일","김세형","PAYMENTS","결제","결제 정보","15","DEVICE_INFO","기기 정보","VARCHAR2","100","Y","","","",""
"E-Learning","E-Learning","2025년 7월 26일 토요일","김세형","PAYMENTS","결제","결제 정보","16","USER_AGENT","사용자 에이전트","VARCHAR2","200","Y","","","",""
"E-Learning","E-Learning","2025년 7월 26일 토요일","김세형","PAYMENTS","결제","결제 정보","17","FEE_RATE","수수료율","NUMBER","","Y","","0","",""
"E-Learning","E-Learning","2025년 7월 26일 토요일","김세형","PAYMENTS","결제","결제 정보","18","USER_SEQ","사용자 SEQ","NUMBER","30,0","Y","FK","","",""
"E-Learning","E-Learning","2025년 7월 26일 토요일","김세형","PAYMENTS","결제","결제 정보","19","MILE_AMOUNT","마일리지액","NUMBER","","Y","","0","",""
"E-Learning","E-Learning","2025년 7월 26일 토요일","김세형","DONATIONS","기부","기부 정보","1","DONATION_SEQ","기부 SEQ","VARCHAR2","50","N","PK","","",""
"E-Learning","E-Learning","2025년 7월 26일 토요일","김세형","DONATIONS","기부","기부 정보","2","COURSE_SEQ","강의 SEQ","VARCHAR2","50","N","FK","","",""
"E-Learning","E-Learning","2025년 7월 26일 토요일","김세형","DONATIONS","기부","기부 정보","3","WALLET_SEQ","지갑 SEQ","NUMBER","20,0","N","FK","","",""
"E-Learning","E-Learning","2025년 7월 26일 토요일","김세형","DONATIONS","기부","기부 정보","4","DONATION_AMOUNT","기부액","NUMBER","","N","","","",""
"E-Learning","E-Learning","2025년 7월 26일 토요일","김세형","DONATIONS","기부","기부 정보","5","MESSAGE","메시지","VARCHAR2","1000","Y","","","",""
"E-Learning","E-Learning","2025년 7월 26일 토요일","김세형","DONATIONS","기부","기부 정보","6","CREATED_AT","생성일","TIMESTAMP","6","Y","","SYSTIMESTAMP","",""
"E-Learning","E-Learning","2025년 7월 26일 토요일","김세형","DONATIONS","기부","기부 정보","7","WALLET_SEQ2","지갑 SEQ 2","NUMBER","20,0","N","FK","","",""
"E-Learning","E-Learning","2025년 7월 26일 토요일","김세형","DONATIONS","기부","기부 정보","8","MESSAGE_DELETED","메시지 삭제 여부","VARCHAR2","1","Y","","'N'","",""
"E-Learning","E-Learning","2025년 7월 26일 토요일","김세형","REFRESH_TOKEN","리프레시 토큰","리프레시 토큰 정보","1","ID","ID","NUMBER","","N","PK","","",""
"E-Learning","E-Learning","2025년 7월 26일 토요일","김세형","REFRESH_TOKEN","리프레시 토큰","리프레시 토큰 정보","2","REFRESH_TOKEN","리프레시 토큰","VARCHAR2","512","N","","","",""
"E-Learning","E-Learning","2025년 7월 26일 토요일","김세형","REFRESH_TOKEN","리프레시 토큰","리프레시 토큰 정보","3","EXPIRES_AT","만료일","TIMESTAMP","6","N","","","",""
"E-Learning","E-Learning","2025년 7월 26일 토요일","김세형","REFRESH_TOKEN","리프레시 토큰","리프레시 토큰 정보","4","CREATED_AT","생성일","TIMESTAMP","6","Y","","SYSTIMESTAMP","",""
"E-Learning","E-Learning","2025년 7월 26일 토요일","김세형","REFRESH_TOKEN","리프레시 토큰","리프레시 토큰 정보","5","USER_ID","사용자 ID","VARCHAR2","300","Y","","","",""
"E-Learning","E-Learning","2025년 7월 26일 토요일","김세형","DEPT_ROLE_MAPPING","부서 역할 매핑","부서 역할 매핑 정보","1","DEPT","부서","VARCHAR2","100","N","PK","","",""
"E-Learning","E-Learning","2025년 7월 26일 토요일","김세형","DEPT_ROLE_MAPPING","부서 역할 매핑","부서 역할 매핑 정보","2","ROLE_CODE","역할 코드","VARCHAR2","50","N","PK, FK","","",""
"E-Learning","E-Learning","2025년 7월 26일 토요일","김세형","ADMIN_LOG","관리자 로그","관리자 로그 정보","1","LOG_ID","로그 ID","NUMBER","","N","PK","","",""
"E-Learning","E-Learning","2025년 7월 26일 토요일","김세형","ADMIN_LOG","관리자 로그","관리자 로그 정보","2","ADMIN_ID","관리자 ID","VARCHAR2","50","N","","","",""
"E-Learning","E-Learning","2025년 7월 26일 토요일","김세형","ADMIN_LOG","관리자 로그","관리자 로그 정보","3","ACTION_TYPE","작업 유형","VARCHAR2","100","N","","","",""
"E-Learning","E-Learning","2025년 7월 26일 토요일","김세형","ADMIN_LOG","관리자 로그","관리자 로그 정보","4","TARGET_ID","대상 ID","VARCHAR2","100","Y","","","",""
"E-Learning","E-Learning","2025년 7월 26일 토요일","김세형","ADMIN_LOG","관리자 로그","관리자 로그 정보","5","LOG_TIME","로그 시간","TIMESTAMP","6","Y","","CURRENT_TIMESTAMP","",""
"E-Learning","E-Learning","2025년 7월 26일 토요일","김세형","ADMIN_LOG","관리자 로그","관리자 로그 정보","6","DETAILS","세부 정보","VARCHAR2","1000","Y","","","",""
"E-Learning","E-Learning","2025년 7월 26일 토요일","김세형","NOTICE","공지","공지 정보","1","NOTICE_ID","공지 ID","VARCHAR2","255","N","PK","","",""
"E-Learning","E-Learning","2025년 7월 26일 토요일","김세형","NOTICE","공지","공지 정보","2","NOTICE_TITLE","공지 제목","VARCHAR2","255","Y","","NULL","",""
"E-Learning","E-Learning","2025년 7월 26일 토요일","김세형","NOTICE","공지","공지 정보","3","NOTICE_CONTENT","공지 내용","VARCHAR2","4000","Y","","NULL","",""
"E-Learning","E-Learning","2025년 7월 26일 토요일","김세형","NOTICE","공지","공지 정보","4","NOTICE_CREATED_DATE","공지 생성일","DATE","","Y","","SYSDATE","",""
"E-Learning","E-Learning","2025년 7월 26일 토요일","김세형","NOTICE","공지","공지 정보","5","NOTICE_FIX_FLAG","공지 고정 플래그","VARCHAR2","10","Y","","NULL","",""
"E-Learning","E-Learning","2025년 7월 26일 토요일","김세형","NOTICE","공지","공지 정보","6","NOTICE_WRITER","공지 작성자","VARCHAR2","255","Y","","NULL","",""
"E-Learning","E-Learning","2025년 7월 26일 토요일","김세형","NOTICE","공지","공지 정보","7","NOTICE_HITS","공지 조회수","NUMBER","","Y","","NULL","",""
"E-Learning","E-Learning","2025년 7월 26일 토요일","김세형","NOTICE","공지","공지 정보","8","NOTICE_LAST_MODIFIED_DATE","공지 마지막 수정일","DATE","","Y","","SYSDATE","",""
"E-Learning","E-Learning","2025년 7월 26일 토요일","김세형","NOTICE","공지","공지 정보","9","NOTICE_STATUS","공지 상태","VARCHAR2","50","Y","","NULL","",""
"E-Learning","E-Learning","2025년 7월 26일 토요일","김세형","FAQTYPE","FAQ 유형","FAQ 유형 정보","1","FAQTYPE_ID","FAQ 유형 ID","VARCHAR2","50","N","PK","","",""
"E-Learning","E-Learning","2025년 7월 26일 토요일","김세형","FAQTYPE","FAQ 유형","FAQ 유형 정보","2","FAQTYPE_NAME","FAQ 유형 이름","VARCHAR2","50","Y","","'default'","",""
"E-Learning","E-Learning","2025년 7월 26일 토요일","김세형","FAQTYPE","FAQ 유형","FAQ 유형 정보","3","FAQTYPE_STATUS","FAQ 유형 상태","VARCHAR2","50","Y","","'A'","",""
"E-Learning","E-Learning","2025년 7월 26일 토요일","김세형","FAQ","FAQ","FAQ 정보","1","FAQ_ID","FAQ ID","VARCHAR2","255","N","PK","","",""
"E-Learning","E-Learning","2025년 7월 26일 토요일","김세형","FAQ","FAQ","FAQ 정보","2","FAQTYPE_ID","FAQ 유형 ID","VARCHAR2","50","Y","FK","NULL","",""
"E-Learning","E-Learning","2025년 7월 26일 토요일","김세형","FAQ","FAQ","FAQ 정보","3","FAQTYPE_NAME","FAQ 유형 이름","VARCHAR2","50","Y","","NULL","",""
"E-Learning","E-Learning","2025년 7월 26일 토요일","김세형","FAQ","FAQ","FAQ 정보","4","FAQ_TITLE","FAQ 제목","VARCHAR2","255","Y","","NULL","",""
"E-Learning","E-Learning","2025년 7월 26일 토요일","김세형","FAQ","FAQ","FAQ 정보","5","FAQ_CONTENT","FAQ 내용","VARCHAR2","4000","Y","","NULL","",""
"E-Learning","E-Learning","2025년 7월 26일 토요일","김세형","FAQ","FAQ","FAQ 정보","6","FAQ_CREATED_DATE","FAQ 생성일","DATE","","Y","","SYSDATE","",""
"E-Learning","E-Learning","2025년 7월 26일 토요일","김세형","FAQ","FAQ","FAQ 정보","7","FAQ_HITS","FAQ 조회수","NUMBER","","Y","","NULL","",""
"E-Learning","E-Learning","2025년 7월 26일 토요일","김세형","FAQ","FAQ","FAQ 정보","8","FAQ_LAST_MODIFIED_DATE","FAQ 마지막 수정일","DATE","","Y","","SYSDATE","",""
"E-Learning","E-Learning","2025년 7월 26일 토요일","김세형","FAQ","FAQ","FAQ 정보","9","FAQ_STATUS","FAQ 상태","VARCHAR2","50","Y","","'A'","",""
"E-Learning","E-Learning","2025년 7월 26일 토요일","김세형","FEEDBACK","피드백","피드백 정보","1","FEEDBACK_ID","피드백 ID","VARCHAR2","255","N","PK","","",""
"E-Learning","E-Learning","2025년 7월 26일 토요일","김세형","FEEDBACK","피드백","피드백 정보","2","USER_ID","사용자 ID","VARCHAR2","255","Y","","NULL","",""
"E-Learning","E-Learning","2025년 7월 26일 토요일","김세형","FEEDBACK","피드백","피드백 정보","3","EMAIL","이메일","VARCHAR2","255","Y","","NULL","",""
"E-Learning","E-Learning","2025년 7월 26일 토요일","김세형","FEEDBACK","피드백","피드백 정보","4","FEEDBACK_TITLE","피드백 제목","VARCHAR2","255","Y","","NULL","",""
"E-Learning","E-Learning","2025년 7월 26일 토요일","김세형","FEEDBACK","피드백","피드백 정보","5","FEEDBACK_CONTENT","피드백 내용","VARCHAR2","4000","Y","","NULL","",""
"E-Learning","E-Learning","2025년 7월 26일 토요일","김세형","FEEDBACK","피드백","피드백 정보","6","FEEDBACK_CREATED_DATE","피드백 생성일","DATE","","Y","","SYSDATE","",""
"E-Learning","E-Learning","2025년 7월 26일 토요일","김세형","FEEDBACK","피드백","피드백 정보","7","FEEDBACK_STATUS","피드백 상태","VARCHAR2","50","Y","","'A'","",""
"E-Learning","E-Learning","2025년 7월 26일 토요일","김세형","FEEDBACK","피드백","피드백 정보","8","FEEDBACK_STEP","피드백 단계","VARCHAR2","50","Y","","'1'","",""
"E-Learning","E-Learning","2025년 7월 26일 토요일","김세형","FEEDBACK","피드백","피드백 정보","9","FEEDBACK_STYLE","피드백 스타일","VARCHAR2","5","Y","","NULL","",""
"E-Learning","E-Learning","2025년 7월 26일 토요일","김세형","FEEDBACK","피드백","피드백 정보","10","FEEDBACK_TYPE","피드백 유형","VARCHAR2","50","Y","","NULL","",""
"E-Learning","E-Learning","2025년 7월 26일 토요일","김세형","SITE_PROPERTY","사이트 속성","사이트 속성 정보","1","SITE_NAME","사이트 이름","VARCHAR2","50","Y","","","",""
"E-Learning","E-Learning","2025년 7월 26일 토요일","김세형","SITE_PROPERTY","사이트 속성","사이트 속성 정보","2","SITE_VERSION","사이트 버전","VARCHAR2","10","Y","","","",""
"E-Learning","E-Learning","2025년 7월 26일 토요일","김세형","SITE_PROPERTY","사이트 속성","사이트 속성 정보","3","SITE_INFO","사이트 정보","VARCHAR2","1000","Y","","","",""
"E-Learning","E-Learning","2025년 7월 26일 토요일","김세형","SITE_PROPERTY","사이트 속성","사이트 속성 정보","4","PROTOCOL","프로토콜","VARCHAR2","10","Y","","","",""
"E-Learning","E-Learning","2025년 7월 26일 토요일","김세형","SITE_PROPERTY","사이트 속성","사이트 속성 정보","5","SERVER_NAME","서버 이름","VARCHAR2","30","Y","","","",""
"E-Learning","E-Learning","2025년 7월 26일 토요일","김세형","SITE_PROPERTY","사이트 속성","사이트 속성 정보","6","SERVER_PORT","서버 포트","VARCHAR2","5","Y","","","",""
"E-Learning","E-Learning","2025년 7월 26일 토요일","김세형","SITE_PROPERTY","사이트 속성","사이트 속성 정보","7","SERVLET_PATH","서블릿 경로","VARCHAR2","50","Y","","","",""
"E-Learning","E-Learning","2025년 7월 26일 토요일","김세형","SITE_PROPERTY","사이트 속성","사이트 속성 정보","8","LOGO_IMG","로고 이미지","VARCHAR2","100","Y","","","",""
"E-Learning","E-Learning","2025년 7월 26일 토요일","김세형","SITE_PROPERTY","사이트 속성","사이트 속성 정보","9","UPLOAD_PATH","업로드 경로","VARCHAR2","255","Y","","","",""
"E-Learning","E-Learning","2025년 7월 26일 토요일","김세형","SITE_PROPERTY","사이트 속성","사이트 속성 정보","10","INPUT_DATE","입력일","DATE","","Y","","SYSDATE","",""
"E-Learning","E-Learning","2025년 7월 26일 토요일","김세형","ADMINS","관리자","관리자 정보","1","ADMIN_ID","관리자 ID","VARCHAR2","50","N","PK","","",""
"E-Learning","E-Learning","2025년 7월 26일 토요일","김세형","ADMINS","관리자","관리자 정보","2","PASSWORD","비밀번호","VARCHAR2","100","N","","","",""
"E-Learning","E-Learning","2025년 7월 26일 토요일","김세형","ADMINS","관리자","관리자 정보","3","ADMIN_NAME","관리자 이름","VARCHAR2","50","N","","","",""
"E-Learning","E-Learning","2025년 7월 26일 토요일","김세형","ADMINS","관리자","관리자 정보","4","INLINE","인라인","VARCHAR2","50","Y","","","",""
"E-Learning","E-Learning","2025년 7월 26일 토요일","김세형","ADMINS","관리자","관리자 정보","5","EMAIL","이메일","VARCHAR2","100","Y","","","",""
"E-Learning","E-Learning","2025년 7월 26일 토요일","김세형","ADMINS","관리자","관리자 정보","6","REG_DATE","등록일","DATE","","Y","","SYSDATE","",""
"E-Learning","E-Learning","2025년 7월 26일 토요일","김세형","ADMINS","관리자","관리자 정보","7","STATUS","상태","CHAR","1","Y","","'Y'","",""
"E-Learning","E-Learning","2025년 7월 26일 토요일","김세형","ADMINS","관리자","관리자 정보","8","DEPT","부서","VARCHAR2","100","Y","","","",""
"E-Learning","E-Learning","2025년 7월 26일 토요일","김세형","ADMINS","관리자","관리자 정보","9","PHONE","전화번호","VARCHAR2","20","Y","","","",""
"E-Learning","E-Learning","2025년 7월 26일 토요일","김세형","ADMINS","관리자","관리자 정보","10","CHECK_AUTH","인증 확인","VARCHAR2","10","Y","","'N'","",""
"E-Learning","E-Learning","2025년 7월 26일 토요일","김세형","ADMIN_ROLE","관리자 역할","관리자 역할 정보","1","ROLE_CODE","역할 코드","VARCHAR2","50","N","PK","","",""
"E-Learning","E-Learning","2025년 7월 26일 토요일","김세형","ADMIN_ROLE","관리자 역할","관리자 역할 정보","2","ADMIN_ID","관리자 ID","VARCHAR2","50","N","PK, FK","","",""
"E-Learning","E-Learning","2025년 7월 26일 토요일","김세형","EMAIL_VERIFICATION","이메일 인증","이메일 인증 정보","1","VERIFICATION_SEQ","인증 SEQ","VARCHAR2","50","N","PK","","",""
"E-Learning","E-Learning","2025년 7월 26일 토요일","김세형","EMAIL_VERIFICATION","이메일 인증","이메일 인증 정보","2","EMAIL","이메일","VARCHAR2","200","N","","","",""
"E-Learning","E-Learning","2025년 7월 26일 토요일","김세형","EMAIL_VERIFICATION","이메일 인증","이메일 인증 정보","3","CODE","코드","VARCHAR2","100","N","","","",""
"E-Learning","E-Learning","2025년 7월 26일 토요일","김세형","EMAIL_VERIFICATION","이메일 인증","이메일 인증 정보","4","STATUS","상태","VARCHAR2","20","Y","","'PENDING'","",""
"E-Learning","E-Learning","2025년 7월 26일 토요일","김세형","EMAIL_VERIFICATION","이메일 인증","이메일 인증 정보","5","CREATED_AT","생성일","TIMESTAMP","6","Y","","SYSTIMESTAMP","",""
"E-Learning","E-Learning","2025년 7월 26일 토요일","김세형","EMAIL_VERIFICATION","이메일 인증","이메일 인증 정보","6","EXPIRES_AT","만료일","TIMESTAMP","6","Y","","","",""
"E-Learning","E-Learning","2025년 7월 26일 토요일","김세형","USER_FOLLOW","사용자 팔로우","사용자 팔로우 정보","1","FOLLOWER_ID","팔로워 ID","VARCHAR2","50","N","PK","","",""
"E-Learning","E-Learning","2025년 7월 26일 토요일","김세형","USER_FOLLOW","사용자 팔로우","사용자 팔로우 정보","2","FOLLOWING_ID","팔로잉 ID","VARCHAR2","50","N","PK","","",""
"E-Learning","E-Learning","2025년 7월 26일 토요일","김세형","USER_FOLLOW","사용자 팔로우","사용자 팔로우 정보","3","SUBSCRIBED_AT","구독일","DATE","","Y","","SYSDATE","",""
"E-Learning","E-Learning","2025년 7월 26일 토요일","김세형","COURSE","강의","강의 정보","1","COURSE_SEQ","강의 SEQ","VARCHAR2","50","N","PK","","",""
"E-Learning","E-Learning","2025년 7월 26일 토요일","김세형","COURSE","강의","강의 정보","2","USER_SEQ","사용자 SEQ","VARCHAR2","50","N","","","",""
"E-Learning","E-Learning","2025년 7월 26일 토요일","김세형","COURSE","강의","강의 정보","3","TITLE","제목","VARCHAR2","200","N","","","",""
"E-Learning","E-Learning","2025년 7월 26일 토요일","김세형","COURSE","강의","강의 정보","4","INTRODUCTION","소개","VARCHAR2","4000","Y","","","",""
"E-Learning","E-Learning","2025년 7월 26일 토요일","김세형","COURSE","강의","강의 정보","5","UPLOAD_DATE","업로드 날짜","DATE","","Y","","SYSDATE","",""
"E-Learning","E-Learning","2025년 7월 26일 토요일","김세형","COURSE","강의","강의 정보","6","IS_PUBLIC","공개 여부","CHAR","1","Y","","'Y'","",""
"E-Learning","E-Learning","2025년 7월 26일 토요일","김세형","COURSE","강의","강의 정보","7","CATEGORY","카테고리","VARCHAR2","30","N","","'영어'","",""
"E-Learning","E-Learning","2025년 7월 26일 토요일","김세형","COURSE","강의","강의 정보","8","DIFFICULTY","난이도","VARCHAR2","10","N","","'초급'","",""
"E-Learning","E-Learning","2025년 7월 26일 토요일","김세형","COURSE","강의","강의 정보","9","THUMBNAIL_PATH","썸네일 경로","VARCHAR2","200","Y","","","",""
"E-Learning","E-Learning","2025년 7월 26일 토요일","김세형","COURSE","강의","강의 정보","10","THUMBNAIL_NAME","썸네일 이름","VARCHAR2","200","Y","","","",""
"E-Learning","E-Learning","2025년 7월 26일 토요일","김세형","COURSE","강의","강의 정보","11","FLAG","플래그","VARCHAR2","20","N","","'S'","",""
"E-Learning","E-Learning","2025년 7월 26일 토요일","김세형","COURSE","강의","강의 정보","12","VIDEO_COUNT","비디오 수","NUMBER","","Y","","0","",""
"E-Learning","E-Learning","2025년 7월 26일 토요일","김세형","COURSE","강의","강의 정보","13","QUIZ_COUNT","퀴즈 수","NUMBER","","Y","","0","",""
"E-Learning","E-Learning","2025년 7월 26일 토요일","김세형","COURSE","강의","강의 정보","14","CONTENT_COUNT","콘텐츠 수","NUMBER","","Y","","0","",""
"E-Learning","E-Learning","2025년 7월 26일 토요일","김세형","VIDEO","비디오","비디오 정보","1","VIDEO_SEQ","비디오 SEQ","VARCHAR2","50","N","PK","","",""
"E-Learning","E-Learning","2025년 7월 26일 토요일","김세형","VIDEO","비디오","비디오 정보","2","COURSE_SEQ","강의 SEQ","VARCHAR2","50","N","FK","","",""
"E-Learning","E-Learning","2025년 7월 26일 토요일","김세형","VIDEO","비디오","비디오 정보","3","FILE_PATH","파일 경로","VARCHAR2","500","Y","","","",""
"E-Learning","E-Learning","2025년 7월 26일 토요일","김세형","VIDEO","비디오","비디오 정보","4","TITLE","제목","VARCHAR2","200","Y","","","",""
"E-Learning","E-Learning","2025년 7월 26일 토요일","김세형","VIDEO","비디오","비디오 정보","5","FILE_NAME","파일 이름","VARCHAR2","200","Y","","","",""
"E-Learning","E-Learning","2025년 7월 26일 토요일","김세형","VIDEO","비디오","비디오 정보","6","DESCRIPTION","설명","VARCHAR2","1000","Y","","","",""
"E-Learning","E-Learning","2025년 7월 26일 토요일","김세형","VIDEO","비디오","비디오 정보","7","IS_COMPLETED","완료 여부","CHAR","1","Y","","'N'","",""
"E-Learning","E-Learning","2025년 7월 26일 토요일","김세형","VIDEO","비디오","비디오 정보","8","VIDEO_ORDER","비디오 순서","NUMBER","","Y","","","",""
"E-Learning","E-Learning","2025년 7월 26일 토요일","김세형","VIDEO","비디오","비디오 정보","9","UPLOAD_DATE","업로드 날짜","DATE","","Y","","SYSDATE","",""
"E-Learning","E-Learning","2025년 7월 26일 토요일","김세형","VIDEO","비디오","비디오 정보","10","TYPE","유형","VARCHAR2","20","N","","'video'","",""
"E-Learning","E-Learning","2025년 7월 26일 토요일","김세형","COURSE_STAT","강의 통계","강의 통계 정보","1","COURSE_SEQ","강의 SEQ","VARCHAR2","50","N","FK","","",""
"E-Learning","E-Learning","2025년 7월 26일 토요일","김세형","COURSE_STAT","강의 통계","강의 통계 정보","2","USER_SEQ","사용자 SEQ","VARCHAR2","50","N","","","",""
"E-Learning","E-Learning","2025년 7월 26일 토요일","김세형","COURSE_STAT","강의 통계","강의 통계 정보","3","VIDEO_SEQ","비디오 SEQ","VARCHAR2","50","Y","FK","","",""
"E-Learning","E-Learning","2025년 7월 26일 토요일","김세형","COURSE_STAT","강의 통계","강의 통계 정보","4","COURSE_TIME","강의 시간","NUMBER","10,2","Y","","0","",""
"E-Learning","E-Learning","2025년 7월 26일 토요일","김세형","COURSE_STAT","강의 통계","강의 통계 정보","5","COURSE_RATE","강의 수강률","NUMBER","10,2","Y","","0","",""
"E-Learning","E-Learning","2025년 7월 26일 토요일","김세형","QUIZ","퀴즈","퀴즈 정보","1","QUIZ_SEQ","퀴즈 SEQ","VARCHAR2","50","N","PK","","",""
"E-Learning","E-Learning","2025년 7월 26일 토요일","김세형","QUIZ","퀴즈","퀴즈 정보","2","QUIZ_LIST_SEQ","퀴즈 목록 SEQ","VARCHAR2","50","N","","","",""
"E-Learning","E-Learning","2025년 7월 26일 토요일","김세형","QUIZ","퀴즈","퀴즈 정보","3","COURSE_SEQ","강의 SEQ","VARCHAR2","50","N","FK","","",""
"E-Learning","E-Learning","2025년 7월 26일 토요일","김세형","QUIZ","퀴즈","퀴즈 정보","4","CORRECT_OPTION","정답 옵션","NUMBER","2,0","Y","","","",""
"E-Learning","E-Learning","2025년 7월 26일 토요일","김세형","QUIZ","퀴즈","퀴즈 정보","5","QUESTION","질문","VARCHAR2","2000","Y","","","",""
"E-Learning","E-Learning","2025년 7월 26일 토요일","김세형","QUIZ","퀴즈","퀴즈 정보","6","QUIZ_ORDER","퀴즈 순서","NUMBER","","Y","","","",""
"E-Learning","E-Learning","2025년 7월 26일 토요일","김세형","QUIZ","퀴즈","퀴즈 정보","7","UPLOAD_DATE","업로드 날짜","DATE","","Y","","SYSDATE","",""
"E-Learning","E-Learning","2025년 7월 26일 토요일","김세형","QUIZ","퀴즈","퀴즈 정보","8","IS_DELETE","삭제 여부","CHAR","1","Y","","'N'","",""
"E-Learning","E-Learning","2025년 7월 26일 토요일","김세형","QUIZ","퀴즈","퀴즈 정보","9","TYPE","유형","VARCHAR2","50","Y","","","",""
"E-Learning","E-Learning","2025년 7월 26일 토요일","김세형","QUIZ_LIST","퀴즈 목록","퀴즈 목록 정보","1","QUIZ_LIST_SEQ","퀴즈 목록 SEQ","VARCHAR2","50","N","PK","","",""
"E-Learning","E-Learning","2025년 7월 26일 토요일","김세형","QUIZ_LIST","퀴즈 목록","퀴즈 목록 정보","2","COURSE_SEQ","강의 SEQ","VARCHAR2","50","Y","FK","","",""
"E-Learning","E-Learning","2025년 7월 26일 토요일","김세형","QUIZ_LIST","퀴즈 목록","퀴즈 목록 정보","3","UPLOAD_DATE","업로드 날짜","DATE","","Y","","SYSDATE","",""
"E-Learning","E-Learning","2025년 7월 26일 토요일","김세형","QUIZ_LIST","퀴즈 목록","퀴즈 목록 정보","4","LANG_CATEGORY","언어 카테고리","VARCHAR2","50","Y","","","",""
"E-Learning","E-Learning","2025년 7월 26일 토요일","김세형","QUIZ_LIST","퀴즈 목록","퀴즈 목록 정보","5","TITLE","제목","VARCHAR2","200","Y","","","",""
"E-Learning","E-Learning","2025년 7월 26일 토요일","김세형","QUIZ_LIST","퀴즈 목록","퀴즈 목록 정보","6","IS_DELETE","삭제 여부","CHAR","1","Y","","'N'","",""
"E-Learning","E-Learning","2025년 7월 26일 토요일","김세형","QUIZ_LIST","퀴즈 목록","퀴즈 목록 정보","7","USER_SEQ","사용자 SEQ","NUMBER","30,0","Y","FK","","",""
"E-Learning","E-Learning","2025년 7월 26일 토요일","김세형","QUIZ_LIST","퀴즈 목록","퀴즈 목록 정보","8","MODIFY_DATE","수정 날짜","TIMESTAMP","6","Y","","NULL","",""
"E-Learning","E-Learning","2025년 7월 26일 토요일","김세형","QUIZ_OPTION","퀴즈 옵션","퀴즈 옵션 정보","1","QUIZ_OPTION_SEQ","퀴즈 옵션 SEQ","VARCHAR2","50","N","PK","","",""
"E-Learning","E-Learning","2025년 7월 26일 토요일","김세형","QUIZ_OPTION","퀴즈 옵션","퀴즈 옵션 정보","2","QUIZ_SEQ","퀴즈 SEQ","VARCHAR2","50","Y","FK","","",""
"E-Learning","E-Learning","2025년 7월 26일 토요일","김세형","QUIZ_OPTION","퀴즈 옵션","퀴즈 옵션 정보","3","OPTION_ORDER","옵션 순서","NUMBER","","Y","","","",""
"E-Learning","E-Learning","2025년 7월 26일 토요일","김세형","QUIZ_OPTION","퀴즈 옵션","퀴즈 옵션 정보","4","CONTENT","내용","VARCHAR2","1000","Y","","","",""
"E-Learning","E-Learning","2025년 7월 26일 토요일","김세형","QUIZ_OPTION","퀴즈 옵션","퀴즈 옵션 정보","5","IMAGE_NAME","이미지 이름","VARCHAR2","200","Y","","","",""
"E-Learning","E-Learning","2025년 7월 26일 토요일","김세형","QUIZ_OPTION","퀴즈 옵션","퀴즈 옵션 정보","6","IMAGE_ADDR","이미지 주소","VARCHAR2","500","Y","","","",""
"E-Learning","E-Learning","2025년 7월 26일 토요일","김세형","QUIZ_OPTION","퀴즈 옵션","퀴즈 옵션 정보","7","IS_DELETE","삭제 여부","CHAR","1","Y","","'N'","",""
"E-Learning","E-Learning","2025년 7월 26일 토요일","김세형","QUIZ_RESPONSE","퀴즈 응답","퀴즈 응답 정보","1","QUIZ_RESPONSE_SEQ","퀴즈 응답 SEQ","VARCHAR2","50","N","PK","","",""
"E-Learning","E-Learning","2025년 7월 26일 토요일","김세형","QUIZ_RESPONSE","퀴즈 응답","퀴즈 응답 정보","2","QUIZ_SEQ","퀴즈 SEQ","VARCHAR2","50","Y","FK","","",""
"E-Learning","E-Learning","2025년 7월 26일 토요일","김세형","QUIZ_RESPONSE","퀴즈 응답","퀴즈 응답 정보","3","COURSE_SEQ","강의 SEQ","VARCHAR2","50","Y","FK","","",""
"E-Learning","E-Learning","2025년 7월 26일 토요일","김세형","QUIZ_RESPONSE","퀴즈 응답","퀴즈 응답 정보","4","USER_SEQ","사용자 SEQ","NUMBER","30,0","Y","FK","","",""
"E-Learning","E-Learning","2025년 7월 26일 토요일","김세형","QUIZ_RESPONSE","퀴즈 응답","퀴즈 응답 정보","5","SELECT_OPTION","선택 옵션","NUMBER","2,0","Y","","","",""
"E-Learning","E-Learning","2025년 7월 26일 토요일","김세형","QUIZ_RESPONSE","퀴즈 응답","퀴즈 응답 정보","6","CORRECT_CHECK","정답 확인","CHAR","1","Y","","'N'","",""
"E-Learning","E-Learning","2025년 7월 26일 토요일","김세형","QUIZ_RESPONSE","퀴즈 응답","퀴즈 응답 정보","7","RESPONSEDATE","응답 날짜","DATE","","Y","","SYSDATE","",""
"E-Learning","E-Learning","2025년 7월 26일 토요일","김세형","QUIZ_RESPONSE","퀴즈 응답","퀴즈 응답 정보","8","QUIZ_LIST_SEQ","퀴즈 목록 SEQ","VARCHAR2","50","Y","FK","","",""
"E-Learning","E-Learning","2025년 7월 26일 토요일","김세형","QUIZ_STAT","퀴즈 통계","퀴즈 통계 정보","1","QUIZ_LIST_SEQ","퀴즈 목록 SEQ","VARCHAR2","50","Y","FK","","",""
"E-Learning","E-Learning","2025년 7월 26일 토요일","김세형","QUIZ_STAT","퀴즈 통계","퀴즈 통계 정보","2","COURSE_SEQ","강의 SEQ","VARCHAR2","50","Y","FK","","",""
"E-Learning","E-Learning","2025년 7월 26일 토요일","김세형","QUIZ_STAT","퀴즈 통계","퀴즈 통계 정보","3","QUIZ_RESPONSE_SEQ","퀴즈 응답 SEQ","VARCHAR2","50","Y","FK","","",""
"E-Learning","E-Learning","2025년 7월 26일 토요일","김세형","QUIZ_STAT","퀴즈 통계","퀴즈 통계 정보","4","QUIZ_ID","퀴즈 ID","NUMBER","","N","","","",""
"E-Learning","E-Learning","2025년 7월 26일 토요일","김세형","QUIZ_STAT","퀴즈 통계","퀴즈 통계 정보","5","USER_SEQ","사용자 SEQ","VARCHAR2","50","Y","","","",""
"E-Learning","E-Learning","2025년 7월 26일 토요일","김세형","QUIZ_STAT","퀴즈 통계","퀴즈 통계 정보","6","CORRECT_CHECK","정답 확인","CHAR","1","Y","","","",""
"E-Learning","E-Learning","2025년 7월 26일 토요일","김세형","QUIZ_STAT","퀴즈 통계","퀴즈 통계 정보","7","TOTAL_COUNT","총 개수","VARCHAR2","10","Y","","","",""
"E-Learning","E-Learning","2025년 7월 26일 토요일","김세형","QUIZ_STAT","퀴즈 통계","퀴즈 통계 정보","8","CORRECT_RATE","정답률","NUMBER","10,2","Y","","","",""
"E-Learning","E-Learning","2025년 7월 26일 토요일","김세형","USER_VIDEO","사용자 비디오","사용자 비디오 정보","1","USER_SEQ","사용자 SEQ","VARCHAR2","50","N","PK","","",""
"E-Learning","E-Learning","2025년 7월 26일 토요일","김세형","USER_VIDEO","사용자 비디오","사용자 비디오 정보","2","VIDEO_SEQ","비디오 SEQ","VARCHAR2","50","N","PK, FK","","",""
"E-Learning","E-Learning","2025년 7월 26일 토요일","김세형","USER_VIDEO","사용자 비디오","사용자 비디오 정보","3","COURSE_SEQ","강의 SEQ","VARCHAR2","50","N","FK","","",""
"E-Learning","E-Learning","2025년 7월 26일 토요일","김세형","USER_VIDEO","사용자 비디오","사용자 비디오 정보","4","CURRENT_TIME","현재 시간","VARCHAR2","20","Y","","","",""
"E-Learning","E-Learning","2025년 7월 26일 토요일","김세형","USER_VIDEO","사용자 비디오","사용자 비디오 정보","5","DURATION","길이","VARCHAR2","20","Y","","","",""
"E-Learning","E-Learning","2025년 7월 26일 토요일","김세형","USER_VIDEO","사용자 비디오","사용자 비디오 정보","6","PROGRESS_RATIO","진행률","VARCHAR2","10","Y","","","",""
"E-Learning","E-Learning","2025년 7월 26일 토요일","김세형","USER_VIDEO","사용자 비디오","사용자 비디오 정보","7","LAST_UPDATED","마지막 업데이트","DATE","","Y","","SYSDATE","",""
"E-Learning","E-Learning","2025년 7월 26일 토요일","김세형","COURSE_ENROLLMENT","수강 등록","수강 등록 정보","1","ENROLL_SEQ","등록 SEQ","NUMBER","","N","PK","","",""
"E-Learning","E-Learning","2025년 7월 26일 토요일","김세형","COURSE_ENROLLMENT","수강 등록","수강 등록 정보","2","USER_SEQ","사용자 SEQ","NUMBER","30,0","N","FK","","",""
"E-Learning","E-Learning","2025년 7월 26일 토요일","김세형","COURSE_ENROLLMENT","수강 등록","수강 등록 정보","3","COURSE_SEQ","강의 SEQ","VARCHAR2","30","N","FK","","",""
"E-Learning","E-Learning","2025년 7월 26일 토요일","김세형","COURSE_ENROLLMENT","수강 등록","수강 등록 정보","4","ENROLL_DATE","등록일","DATE","","Y","","CURRENT_DATE","",""
"E-Learning","E-Learning","2025년 7월 26일 토요일","김세형","COURSE_ENROLLMENT","수강 등록","수강 등록 정보","5","STATUS","상태","VARCHAR2","20","Y","","'수강중'","",""
"E-Learning","E-Learning","2025년 7월 26일 토요일","김세형","COURSE_ENROLLMENT","수강 등록","수강 등록 정보","6","PROGRESS","진행률","NUMBER","","Y","","0","",""
"E-Learning","E-Learning","2025년 7월 26일 토요일","김세형","DELETE_MESSAGE","삭제된 메시지","삭제된 메시지 정보","1","DONATION_SEQ","기부 SEQ","VARCHAR2","50","N","PK, FK","","",""
"E-Learning","E-Learning","2025년 7월 26일 토요일","김세형","DELETE_MESSAGE","삭제된 메시지","삭제된 메시지 정보","2","MESSAGE","메시지","VARCHAR2","1000","Y","","","",""
"E-Learning","E-Learning","2025년 7월 26일 토요일","김세형","DELETE_MESSAGE","삭제된 메시지","삭제된 메시지 정보","3","DELETED_AT","삭제일","TIMESTAMP","6","Y","","CURRENT_TIMESTAMP","",""
"E-Learning","E-Learning","2025년 7월 26일 토요일","김세형","SYSTEM_LOG","시스템 로그","시스템 로그 정보","1","LOG_SEQ","로그 SEQ","NUMBER","","N","PK","","",""
"E-Learning","E-Learning","2025년 7월 26일 토요일","김세형","SYSTEM_LOG","시스템 로그","시스템 로그 정보","2","ADMIN_ID","관리자 ID","VARCHAR2","50","Y","FK","","",""
"E-Learning","E-Learning","2025년 7월 26일 토요일","김세형","SYSTEM_LOG","시스템 로그","시스템 로그 정보","3","PAYMENT_SEQ","결제 SEQ","VARCHAR2","50","Y","","","",""
"E-Learning","E-Learning","2025년 7월 26일 토요일","김세형","SYSTEM_LOG","시스템 로그","시스템 로그 정보","4","LOG_TYPE","로그 유형","VARCHAR2","50","Y","","","",""
"E-Learning","E-Learning","2025년 7월 26일 토요일","김세형","SYSTEM_LOG","시스템 로그","시스템 로그 정보","5","ACCESS_TIME","접근 시간","TIMESTAMP","6","Y","","SYSTIMESTAMP","",""
"E-Learning","E-Learning","2025년 7월 26일 토요일","김세형","SYSTEM_LOG","시스템 로그","시스템 로그 정보","6","IP_ADDRESS","IP 주소","VARCHAR2","45","Y","","","",""
"E-Learning","E-Learning","2025년 7월 26일 토요일","김세형","SYSTEM_LOG","시스템 로그","시스템 로그 정보","7","USER_AGENT","사용자 에이전트","VARCHAR2","255","Y","","","",""
"E-Learning","E-Learning","2025년 7월 26일 토요일","김세형","SYSTEM_LOG","시스템 로그","시스템 로그 정보","8","REMARKS","비고","VARCHAR2","2000","Y","","","",""
"E-Learning","E-Learning","2025년 7월 26일 토요일","김세형","SYSTEM_LOG","시스템 로그","시스템 로그 정보","9","WALLET_SEQ","지갑 SEQ","NUMBER","20,0","Y","","","",""
"E-Learning","E-Learning","2025년 7월 26일 토요일","김세형","PASSWORD_HISTORY","비밀번호 이력","비밀번호 이력 정보","1","HISTORY_ID","이력 ID","NUMBER","20,0","N","PK","","",""
"E-Learning","E-Learning","2025년 7월 26일 토요일","김세형","PASSWORD_HISTORY","비밀번호 이력","비밀번호 이력 정보","2","USER_SEQ","사용자 SEQ","VARCHAR2","50","N","","","",""
"E-Learning","E-Learning","2025년 7월 26일 토요일","김세형","PASSWORD_HISTORY","비밀번호 이력","비밀번호 이력 정보","3","PASSWORD_HASH","비밀번호 해시","VARCHAR2","255","N","","","",""
"E-Learning","E-Learning","2025년 7월 26일 토요일","김세형","PASSWORD_HISTORY","비밀번호 이력","비밀번호 이력 정보","4","CREATED_AT","생성일","DATE","","N","","SYSDATE","",""
"E-Learning","E-Learning","2025년 7월 26일 토요일","김세형","USERS","사용자","사용자 정보","1","USER_SEQ","사용자 SEQ","NUMBER","30,0","N","PK","","",""
"E-Learning","E-Learning","2025년 7월 26일 토요일","김세형","USERS","사용자","사용자 정보","2","EMAIL","이메일","VARCHAR2","255","Y","","","",""
"E-Learning","E-Learning","2025년 7월 26일 토요일","김세형","USERS","사용자","사용자 정보","3","PASSWORD","비밀번호","VARCHAR2","100","Y","","","",""
"E-Learning","E-Learning","2025년 7월 26일 토요일","김세형","USERS","사용자","사용자 정보","4","SOCIAL_ID","소셜 ID","VARCHAR2","100","Y","","","",""
"E-Learning","E-Learning","2025년 7월 26일 토요일","김세형","USERS","사용자","사용자 정보","5","SOCIAL_PROVIDER","소셜 제공자","VARCHAR2","30","Y","","","",""
"E-Learning","E-Learning","2025년 7월 26일 토요일","김세형","USERS","사용자","사용자 정보","6","NICKNAME","닉네임","VARCHAR2","50","Y","","","",""
"E-Learning","E-Learning","2025년 7월 26일 토요일","김세형","USERS","사용자","사용자 정보","7","PROFILE","프로필","VARCHAR2","255","Y","","","",""
"E-Learning","E-Learning","2025년 7월 26일 토요일","김세형","USERS","사용자","사용자 정보","8","CREATED_AT","생성일","TIMESTAMP","6","Y","","","",""
"E-Learning","E-Learning","2025년 7월 26일 토요일","김세형","USERS","사용자","사용자 정보","9","STATUS","상태","VARCHAR2","20","Y","","","",""
"E-Learning","E-Learning","2025년 7월 26일 토요일","김세형","USERS","사용자","사용자 정보","10","SIGNUP_PATH","가입 경로","VARCHAR2","50","Y","","","",""
"E-Learning","E-Learning","2025년 7월 26일 토요일","김세형","USERS","사용자","사용자 정보","11","UNSIGN_PATH","탈퇴 경로","VARCHAR2","100","Y","","","",""
"E-Learning","E-Learning","2025년 7월 26일 토요일","김세형","USERS","사용자","사용자 정보","12","USER_ID","사용자 ID","VARCHAR2","300","Y","","","",""
"E-Learning","E-Learning","2025년 7월 26일 토요일","김세형","USERS","사용자","사용자 정보","13","PASSWORD_STATUS","비밀번호 상태","VARCHAR2","50","Y","","","",""
"E-Learning","E-Learning","2025년 7월 26일 토요일","김세형","COMMUNITY_POST","커뮤니티 게시물","커뮤니티 게시물 정보","1","POST_ID","게시물 ID","NUMBER","","N","PK","","",""
"E-Learning","E-Learning","2025년 7월 26일 토요일","김세형","COMMUNITY_POST","커뮤니티 게시물","커뮤니티 게시물 정보","2","USER_ID","사용자 ID","NUMBER","","Y","FK","","",""
"E-Learning","E-Learning","2025년 7월 26일 토요일","김세형","COMMUNITY_POST","커뮤니티 게시물","커뮤니티 게시물 정보","3","TITLE","제목","VARCHAR2","200","N","","","",""
"E-Learning","E-Learning","2025년 7월 26일 토요일","김세형","COMMUNITY_POST","커뮤니티 게시물","커뮤니티 게시물 정보","4","CONTENT","내용","CLOB","","Y","","","",""
"E-Learning","E-Learning","2025년 7월 26일 토요일","김세형","COMMUNITY_POST","커뮤니티 게시물","커뮤니티 게시물 정보","5","CREATED_AT","생성일","TIMESTAMP","6","Y","","SYSTIMESTAMP","",""
"E-Learning","E-Learning","2025년 7월 26일 토요일","김세형","COMMUNITY_POST","커뮤니티 게시물","커뮤니티 게시물 정보","6","VIEWS","조회수","NUMBER","","Y","","0","",""
"E-Learning","E-Learning","2025년 7월 26일 토요일","김세형","COMMUNITY_POST","커뮤니티 게시물","커뮤니티 게시물 정보","7","POST_STATE","게시물 상태","CHAR","1","Y","","'A'","",""
"E-Learning","E-Learning","2025년 7월 26일 토요일","김세형","COMMUNITY_POST","커뮤니티 게시물","커뮤니티 게시물 정보","8","COMMUNITY_NOTICE","커뮤니티 공지","CHAR","1","N","","'N'","",""
"E-Learning","E-Learning","2025년 7월 26일 토요일","김세형","COMMUNITY_COMMENT","커뮤니티 댓글","커뮤니티 댓글 정보","1","COMMENT_ID","댓글 ID","NUMBER","","N","PK","","",""
"E-Learning","E-Learning","2025년 7월 26일 토요일","김세형","COMMUNITY_COMMENT","커뮤니티 댓글","커뮤니티 댓글 정보","2","POST_ID2","게시물 ID","NUMBER","","Y","FK","","",""
"E-Learning","E-Learning","2025년 7월 26일 토요일","김세형","COMMUNITY_COMMENT","커뮤니티 댓글","커뮤니티 댓글 정보","3","USER_ID2","사용자 ID","NUMBER","","Y","FK","","",""
"E-Learning","E-Learning","2025년 7월 26일 토요일","김세형","COMMUNITY_COMMENT","커뮤니티 댓글","커뮤니티 댓글 정보","4","COURSE_SEQ","강의 SEQ","VARCHAR2","50","Y","","","",""
"E-Learning","E-Learning","2025년 7월 26일 토요일","김세형","COMMUNITY_COMMENT","커뮤니티 댓글","커뮤니티 댓글 정보","5","PARENT_ID","부모 ID","NUMBER","","Y","","","",""
"E-Learning","E-Learning","2025년 7월 26일 토요일","김세형","COMMUNITY_COMMENT","커뮤니티 댓글","커뮤니티 댓글 정보","6","CONTENT","내용","VARCHAR2","1000","N","","","",""
"E-Learning","E-Learning","2025년 7월 26일 토요일","김세형","COMMUNITY_COMMENT","커뮤니티 댓글","커뮤니티 댓글 정보","7","CREATED_AT","생성일","TIMESTAMP","6","Y","","SYSTIMESTAMP","",""
"E-Learning","E-Learning","2025년 7월 26일 토요일","김세형","COMMUNITY_COMMENT","커뮤니티 댓글","커뮤니티 댓글 정보","8","CMT_STATE","댓글 상태","CHAR","1","Y","","'A'","",""
"E-Learning","E-Learning","2025년 7월 26일 토요일","김세형","COMMUNITY_IMAGE","커뮤니티 이미지","커뮤니티 이미지 정보","1","IMAGE_ID","이미지 ID","NUMBER","","N","PK","","",""
"E-Learning","E-Learning","2025년 7월 26일 토요일","김세형","COMMUNITY_IMAGE","커뮤니티 이미지","커뮤니티 이미지 정보","2","POST_ID2","게시물 ID","NUMBER","","Y","FK","","",""
"E-Learning","E-Learning","2025년 7월 26일 토요일","김세형","COMMUNITY_IMAGE","커뮤니티 이미지","커뮤니티 이미지 정보","3","USER_ID2","사용자 ID","NUMBER","","Y","FK","","",""
"E-Learning","E-Learning","2025년 7월 26일 토요일","김세형","COMMUNITY_IMAGE","커뮤니티 이미지","커뮤니티 이미지 정보","4","COURSE_SEQ","강의 SEQ","VARCHAR2","50","Y","","","",""
"E-Learning","E-Learning","2025년 7월 26일 토요일","김세형","COMMUNITY_IMAGE","커뮤니티 이미지","커뮤니티 이미지 정보","5","IMAGE_URL","이미지 URL","VARCHAR2","255","N","","","",""
"E-Learning","E-Learning","2025년 7월 26일 토요일","김세형","COMMUNITY_LIKE","커뮤니티 좋아요","커뮤니티 좋아요 정보","1","LIKE_ID","좋아요 ID","NUMBER","","N","PK","","",""
"E-Learning","E-Learning","2025년 7월 26일 토요일","김세형","COMMUNITY_LIKE","커뮤니티 좋아요","커뮤니티 좋아요 정보","2","POST_ID2","게시물 ID","NUMBER","","Y","FK","","",""
"E-Learning","E-Learning","2025년 7월 26일 토요일","김세형","COMMUNITY_LIKE","커뮤니티 좋아요","커뮤니티 좋아요 정보","3","USER_ID2","사용자 ID","NUMBER","","Y","FK","","",""
"E-Learning","E-Learning","2025년 7월 26일 토요일","김세형","COMMUNITY_LIKE","커뮤니티 좋아요","커뮤니티 좋아요 정보","4","COURSE_SEQ","강의 SEQ","VARCHAR2","50","Y","","","",""
"E-Learning","E-Learning","2025년 7월 26일 토요일","김세형","COMMUNITY_LIKE","커뮤니티 좋아요","커뮤니티 좋아요 정보","5","LIKED_AT","좋아요 한 날짜","TIMESTAMP","6","Y","","SYSTIMESTAMP","",""
"E-Learning","E-Learning","2025년 7월 26일 토요일","김세형","COMMUNITY_LIKE","커뮤니티 좋아요","커뮤니티 좋아요 정보","6","VOTE_TYPE","투표 유형","VARCHAR2","10","Y","","","",""
"E-Learning","E-Learning","2025년 7월 26일 토요일","김세형","MILE_WALLET","마일리지 지갑","마일리지 지갑 정보","1","WALLET_SEQ","지갑 SEQ","NUMBER","20,0","N","PK","","",""
"E-Learning","E-Learning","2025년 7월 26일 토요일","김세형","MILE_WALLET","마일리지 지갑","마일리지 지갑 정보","2","USER_SEQ","사용자 SEQ","NUMBER","30,0","N","FK","","",""
"E-Learning","E-Learning","2025년 7월 26일 토요일","김세형","MILE_WALLET","마일리지 지갑","마일리지 지갑 정보","3","TOTAL_MILES","총 마일리지","NUMBER","20,0","Y","","0","",""
"E-Learning","E-Learning","2025년 7월 26일 토요일","김세형","MILE_WALLET","마일리지 지갑","마일리지 지갑 정보","4","DONATION_AVAILABLE","기부 가능","NUMBER","20,0","Y","","0","",""
"E-Learning","E-Learning","2025년 7월 26일 토요일","김세형","MILE_WALLET","마일리지 지갑","마일리지 지갑 정보","5","DONATED_MILES","기부된 마일리지","NUMBER","20,0","Y","","0","",""
"E-Learning","E-Learning","2025년 7월 26일 토요일","김세형","MILE_WALLET","마일리지 지갑","마일리지 지갑 정보","6","RECEIVED_MILES","받은 마일리지","NUMBER","20,0","Y","","0","",""
"E-Learning","E-Learning","2025년 7월 26일 토요일","김세형","MILE_WALLET","마일리지 지갑","마일리지 지갑 정보","7","CREATED_AT","생성일","DATE","","Y","","SYSDATE","",""
"E-Learning","E-Learning","2025년 7월 26일 토요일","김세형","MILE_WALLET","마일리지 지갑","마일리지 지갑 정보","8","UPDATED_AT","수정일","DATE","","Y","","SYSDATE","",""
"E-Learning","E-Learning","2025년 7월 26일 토요일","김세형","USER_ACCOUNT","사용자 계정","사용자 계정 정보","1","ACCOUNT_SEQ","계정 SEQ","VARCHAR2","50","N","PK","","",""
"E-Learning","E-Learning","2025년 7월 26일 토요일","김세형","USER_ACCOUNT","사용자 계정","사용자 계정 정보","2","USER_SEQ","사용자 SEQ","NUMBER","30,0","N","FK","","",""
"E-Learning","E-Learning","2025년 7월 26일 토요일","김세형","USER_ACCOUNT","사용자 계정","사용자 계정 정보","3","BANK_CODE","은행 코드","VARCHAR2","20","Y","","","",""
"E-Learning","E-Learning","2025년 7월 26일 토요일","김세형","USER_ACCOUNT","사용자 계정","사용자 계정 정보","4","ACCOUNT_NUM","계좌 번호","VARCHAR2","50","Y","","","",""
"E-Learning","E-Learning","2025년 7월 26일 토요일","김세형","USER_ACCOUNT","사용자 계정","사용자 계정 정보","5","HOLDER_NAME","예금주명","VARCHAR2","50","Y","","","",""
"E-Learning","E-Learning","2025년 7월 26일 토요일","김세형","USER_ACCOUNT","사용자 계정","사용자 계정 정보","6","VERIFIED","인증 여부","NUMBER","1,0","Y","","0","",""
"E-Learning","E-Learning","2025년 7월 26일 토요일","김세형","USER_ACCOUNT","사용자 계정","사용자 계정 정보","7","CREATED_AT","생성일","TIMESTAMP","6","Y","","SYSTIMESTAMP","",""
"E-Learning","E-Learning","2025년 7월 26일 토요일","김세형","REFUND","환불","환불 정보","1","REFUND_SEQ","환불 SEQ","VARCHAR2","50","N","PK","","",""
"E-Learning","E-Learning","2025년 7월 26일 토요일","김세형","REFUND","환불","환불 정보","2","PAYMENT_SEQ","결제 SEQ","VARCHAR2","50","N","","","",""
"E-Learning","E-Learning","2025년 7월 26일 토요일","김세형","REFUND","환불","환불 정보","3","ACCOUNT_SEQ","계정 SEQ","VARCHAR2","50","Y","FK","","",""
"E-Learning","E-Learning","2025년 7월 26일 토요일","김세형","REFUND","환불","환불 정보","4","WALLET_SEQ","지갑 SEQ","NUMBER","20,0","Y","FK","","",""
"E-Learning","E-Learning","2025년 7월 26일 토요일","김세형","REFUND","환불","환불 정보","5","REFUND_AMOUNT","환불액","NUMBER","","N","","","",""
"E-Learning","E-Learning","2025년 7월 26일 토요일","김세형","REFUND","환불","환불 정보","6","REQUESTED_AT","요청일","TIMESTAMP","6","Y","","SYSTIMESTAMP","",""
"E-Learning","E-Learning","2025년 7월 26일 토요일","김세형","REFUND","환불","환불 정보","7","PROCESSED_AT","처리일","TIMESTAMP","6","Y","","","",""
"E-Learning","E-Learning","2025년 7월 26일 토요일","김세형","REFUND","환불","환불 정보","8","STATUS","상태","VARCHAR2","20","Y","","","",""
"E-Learning","E-Learning","2025년 7월 26일 토요일","김세형","REFUND","환불","환불 정보","9","REASON","사유","VARCHAR2","255","Y","","","",""
"E-Learning","E-Learning","2025년 7월 26일 토요일","김세형","REFUND","환불","환불 정보","10","REJECT_REASON","거절 사유","VARCHAR2","255","Y","","","",""